hhid,ultra_poor,log_expend,asset_index,weight,cdr,asset_index+log_expend,asset_index+cdr,log_expend+cdr,asset_index+log_expend+cdr
HH4,1.0,5.528926247310706,0.5373779240139072,4.37253844517179,0.24552702639704355,0.216254047625738,0.21817465078851014,0.21703847638055832,0.2142630230100331
HH5,0.0,5.415963927116377,-0.2029635072608494,0.7208844834732517,0.2933667967058477,0.22060602443145824,0.22602336995510777,0.22276212911103785,0.22257519752637603
HH10,0.0,4.249065017947558,-0.6552197506407947,0.3783364063329483,0.26170158766925844,0.20380771993156455,0.2167768627577092,0.22007298119212654,0.20695824887914308
HH14,0.0,4.181392724920286,-0.9329552782469273,0.18298770406229448,0.11845738322321965,0.21771564014317665,0.2260732933951699,0.20770210949741247,0.21412871255159896
HH20,1.0,3.627370351612265,0.2647455818628147,3.7222086071760794,0.17036061524962773,0.2213900999249176,0.21610774896028784,0.216903220881305,0.2159735749514338
HH21,0.0,4.142571599063045,1.2365724139765863,0.2703610058956705,0.2117672974138732,0.20460764370279635,0.21389904627956238,0.2107346024930911,0.20457441532498083
HH27,0.0,6.28183644492771,-0.2154235594194433,0.1156587866991079,0.1201384932281813,0.20603710477153142,0.2071458640199353,0.19670581683397353,0.19393740302867776
HH28,1.0,4.029920598594662,0.12717417678363754,1.4115346898393881,0.19937139900263728,0.21352552638508585,0.22393408899288703,0.21422518649557545,0.21254812084484478
HH61,0.0,4.2747179530913435,2.172782094337689,0.07469875405134174,0.16594719892882148,0.2608944191370388,0.246606367813944,0.2269850300434752,0.2535886016385955
HH66,1.0,6.134898199352543,-0.8931961010051042,2.056683085256501,0.19566657029530013,0.213768820791015,0.22212790343841413,0.21408390738182687,0.21329061939886837
HH67,0.0,6.102947403048724,0.513366462523183,0.19289847392446927,0.1309120823975189,0.21255034245926244,0.22506869458339301,0.22044821718538066,0.21744114959752772
HH83,0.0,5.186680760462886,-0.6410258647141613,0.4268841190044504,0.11813089968099852,0.22505926376308238,0.23145066978296006,0.22714128979576742,0.231092986330757
HH96,1.0,4.300031479880656,-0.34316310448457343,3.3516324816008614,0.16271456090311456,0.23048851132120424,0.22228650140194833,0.2296670026685196,0.22915546134595183
HH102,0.0,6.0069338249190904,-0.2791784139415763,0.5974581091773405,0.2642425250242449,0.21746530614957046,0.2209349765763402,0.2129150508596986,0.2142708280435686
HH109,0.0,4.98326171165255,1.4647963699564526,0.9026664905811188,0.13767693837839304,0.2422967518722793,0.23230881009428522,0.2143424531072074,0.23128845216892024
HH114,0.0,6.0785712860973495,-0.6627149152676017,0.5752218756010286,0.10529656066934744,0.21444214285289603,0.22017846116449694,0.21245301140638365,0.21180946820465196
HH124,0.0,4.832747430396768,-0.3812537574790733,0.03896705638303699,0.29357675494910473,0.22235685069136227,0.2283696691190834,0.22263143713956787,0.22533394824016298
HH130,0.0,6.407703829083028,0.7987265917941914,0.015404906388893582,0.3311943374044459,0.20709307858118986,0.23924411888921782,0.22539390214736096,0.2224691308490322
HH132,0.0,6.728331911765653,-0.9921056136890296,0.8294561169450407,0.1972033332431052,0.22218643798579948,0.23505442331109055,0.2101026208839519,0.22064080409833345
HH145,1.0,4.4927085514506135,0.1905718250670944,4.8394370697013045,0.16148028544818407,0.23151660304846572,0.21803197627868867,0.22361174836261866,0.22394075492327942
HH151,0.0,4.3867961873689465,0.19893312139551705,0.29630050210165826,0.31856462787601525,0.2280408032450294,0.20760989278089534,0.21090500140066953,0.2109056473783226
HH157,0.0,4.920965322589407,-0.6617047756192318,0.2897069225497291,0.15868753116560802,0.23430269561177688,0.22806253028758713,0.220538767553058,0.2295908752903142
HH159,1.0,4.829249728111717,0.7176450448938099,2.5572787752276844,0.31325775094586905,0.22000261111502553,0.21340272148674108,0.21730367689939334,0.21395365615867484
HH161,0.0,4.791374336505629,1.312483287060523,0.2707351639562497,0.54170842069088,0.2416362558474441,0.26897293754883467,0.24339295121267499,0.2678449286689076
HH174,0.0,5.820502063726457,1.0072990818769088,0.8371094299795334,0.19558285219767998,0.2101524720872876,0.20815623664259034,0.22341329953492992,0.2082352467627348
HH183,0.0,3.6006440292151676,0.12966445139059318,0.33980105444523256,0.10732432037809553,0.23732731317956235,0.22170828729929176,0.23473505647720772,0.2345643028192227
HH185,0.0,6.59242570733472,-2.2828215409505512,0.6846744445940333,0.4249133104513549,0.2621559251861696,0.2913585059421475,0.2540420932811964,0.2915180865914123
HH188,0.0,6.355604128529217,-0.11430140244507415,0.4147775012238301,0.1962476164904344,0.21052825983466483,0.22250996307792412,0.20842701743306993,0.2085267511019579
HH190,0.0,6.675501756501932,-0.1537007469593566,0.5811143610344953,0.17212096754953607,0.20248257707584408,0.21484998842633532,0.19858897849943477,0.19698524511153978
HH195,1.0,3.75705569451362,-0.8194470703063692,1.7256612788583654,0.18870772732417693,0.23612412512701308,0.22803885190624423,0.23201791405707897,0.23792994628845526
HH196,1.0,5.027098976459317,1.3145209140135232,2.5861278625202715,0.17342962236532206,0.2253305732159414,0.22569030546337973,0.22334177171333516,0.22444618535513525
HH207,0.0,3.3174988514069303,-0.12560229671387518,0.8998442030694036,0.15292443171789094,0.23424881784131746,0.23332932216627664,0.24392588207354352,0.24393498776440015
HH213,0.0,4.6840955641733535,0.2489351799782215,0.05805799184083137,0.15819368752168772,0.2167639090445343,0.21899073754016843,0.21546628542130572,0.21472077506384807
HH215,0.0,5.773517400371403,-0.4348084609749067,0.2494914388366767,0.2544618320769643,0.2238009486151268,0.23331627338393976,0.2219942553910043,0.22695493705015699
HH218,1.0,5.624447319250431,2.0943291200297915,5.062034642059519,0.17620951560170348,0.2428057406128734,0.24697182799850656,0.21156086734338778,0.2373576647983855
HH221,0.0,6.614796379086026,-1.0301683880781756,0.8444081016417961,0.14945997631499966,0.23702219970306362,0.21723366118331738,0.22800184878622257,0.2282907431582436
HH226,0.0,4.043419991185374,-0.2469033864854213,0.605247067177668,0.2434389170874265,0.23708430006437345,0.2302341429052007,0.23461599885458626,0.23948426995862723
HH227,0.0,5.597939206001115,1.4185043457922122,0.8695315272056954,0.1935825628792885,0.20422538194774054,0.202055982424486,0.22281460042832893,0.20211665785008218
HH229,0.0,5.611095945884914,-0.6385631165094914,0.6976761928234292,0.2391400976647937,0.2083674049467554,0.21739351126938944,0.2200199990931443,0.21135856443262763
HH242,1.0,5.298932379542111,2.209551810523896,4.7930921808047895,0.19589382392965415,0.1931652754542919,0.19135855199575516,0.22262114251895412,0.19139746308408426
HH243,1.0,5.608672699339987,0.3252251605024558,5.6289841570356165,0.3663498096953003,0.21934639384075713,0.22898876433034937,0.22280301592046167,0.22316636825528605
HH247,1.0,6.420654760897241,1.064165145284135,4.3520084293355135,0.12460630087168993,0.20754143060946076,0.22280368595407316,0.2188200153267201,0.21268674797074183
HH248,1.0,5.430374163594836,0.6784671198128186,0.851547769465195,0.2738936061952708,0.22719402367885277,0.2317996837726022,0.23611513402322232,0.2358939042914895
HH258,0.0,3.6931283571963065,-1.298774716224648,0.6567664851114752,0.24549127534153425,0.22195077858456336,0.20947468905259578,0.2457942526107273,0.2258022681968336
HH263,1.0,6.7114889878999495,0.4400854335164967,5.783547105265938,0.2598664187676469,0.21495148189004268,0.21671765991413897,0.20691522033289567,0.2069039992499173
HH270,0.0,6.908883435205209,0.3630059327772812,0.5049940856154623,0.19468574515898016,0.2196296294559292,0.217509194704493,0.22504227927326362,0.21768865888072875
HH276,0.0,5.912282027571616,-0.8397115774019037,0.4280685863981096,0.14826890823745684,0.20269239256803706,0.20274861472541847,0.2045276792379737,0.1941199124025515
HH283,0.0,4.898625572057952,-0.3980357778277518,0.7301414480152822,0.16813011242366518,0.22511657092238135,0.23066543447994475,0.23176412445670352,0.23177167778423013
HH292,0.0,3.400488876697432,0.08953798364573476,0.12778830924088713,0.2927938914388004,0.23871883383509923,0.2304106829323301,0.24417759444594947,0.24539758755735563
HH295,0.0,6.011855163530357,1.2862864189269387,0.09906151264060216,0.1002139055765974,0.20609029958863362,0.1936233604839847,0.21226261164864677,0.19371487066973014
HH310,0.0,2.9807802891554136,-1.3287114619179703,0.4588812209643153,0.19699706341354256,0.22990848478953538,0.20276798468005763,0.24840062548216757,0.2270217138922817
HH313,0.0,6.1511514616109855,1.306413261904137,0.1585530926952914,0.1996166306282848,0.2080264282646388,0.21724260944522372,0.2159296079567238,0.2087262192682967
HH319,0.0,6.932370332664095,1.0239065543866586,0.28703052194840395,0.2138690759064244,0.21373082377001276,0.23694139270282336,0.2008020131842401,0.21364587640733973
HH320,0.0,5.4824220340218535,-0.2342677649769732,0.9666676589751286,0.2610734618299087,0.2280343226228191,0.23117513110047958,0.23470743886976062,0.234778251000015
HH324,0.0,4.890676783020483,-0.8678213708264008,0.04339663676001837,0.2536726642960513,0.22471612600720564,0.22371134135315662,0.2265274498473315,0.22564520702310176
HH326,0.0,6.433743845409385,-1.6028494049471582,0.9556692052529732,0.2729581671549346,0.21650174982307305,0.21333220645926407,0.2064718523249537,0.20649241338382776
HH327,0.0,4.431382759650466,-0.18448831820717435,0.2198476388989279,0.28489119762326137,0.2130096042152628,0.22539822931657783,0.2232037574873156,0.2179968133323451
HH328,0.0,4.1501535369867835,0.524904497240536,0.554931393880147,0.22195813443175846,0.2211697688689008,0.23159114316108678,0.21669864868016353,0.22186418899203528
HH329,0.0,5.724446496771064,0.3477132333952272,0.8788097969475697,0.2284211729430641,0.21477048821997902,0.22225561732734248,0.22019827732356825,0.2158793351482198
HH339,0.0,3.888676688588264,-0.7791185094024995,0.3098940752100089,0.2605097331411645,0.23760912924281133,0.2433260689813371,0.22831143678321741,0.2431995795052577
HH340,1.0,6.137844365051558,0.8612800587629098,0.28750543340752555,0.1574221958583399,0.20970314884195412,0.2155066298516211,0.20570827765050353,0.2029844185368869
HH342,0.0,5.2945994117673685,-0.6629042574649594,0.3985293264815663,0.30032962649203593,0.23091821900780496,0.23982754753597593,0.2296031313801846,0.237954690494287
HH356,0.0,3.2879151379615923,-0.6492694150070122,0.7920225603039918,0.14859302143342168,0.23503835520444163,0.20523701601560787,0.2373624411707563,0.2254463290362254
HH358,0.0,5.811189862762477,1.2457300438307155,0.06722535508249672,0.3052676776578163,0.21832881301589274,0.22909974514149278,0.21952807605332328,0.22070984000684074
HH362,0.0,4.346583785654736,-1.0747001680066388,0.6570098472786675,0.200357295135629,0.23566217045760715,0.22492461132662409,0.22961227946152055,0.23363980135077822
HH365,0.0,6.103323600895151,-0.2301700022029481,0.7551076683675894,0.1947211480674572,0.23742587246155408,0.2237160473821459,0.23539711496610466,0.23669151334901053
HH366,1.0,4.809951201418535,-0.5493735407788308,3.7424373369954123,0.20924793788250826,0.2338852522899744,0.23322339480800064,0.22347380339254722,0.23319347681540034
HH369,0.0,5.781681152976889,-1.4497356634966545,0.27030710415625503,0.211160184658438,0.1970112233165309,0.20304368497886569,0.21420760873605216,0.196283017823995
HH377,0.0,6.387181435773914,0.33661462059428604,0.14390153682773998,0.19793756415057595,0.21674480740003751,0.22638709513339356,0.21826737580021865,0.21825806527923786
HH378,0.0,5.997393061472103,0.5195705129269863,0.04973486540511996,0.26080246132126444,0.23153280123873582,0.23021001800191268,0.2388307258951909,0.2386390525658659
HH381,1.0,5.475470104481834,0.3910913241083486,5.355575279945319,0.17607636231513976,0.2340787187286572,0.2262222354911464,0.22593130406851153,0.2313894154215769
HH383,0.0,4.43800628816735,-0.6435876354997627,0.5653553814764715,0.20890621599184306,0.23314386000611986,0.2252393739424971,0.2297949035032315,0.23236383860143178
HH386,0.0,6.433104891068077,0.11689430782704036,0.501127258225565,0.10814833232672104,0.24068387428221774,0.21732050016883725,0.23051276438711232,0.23281854738242005
HH397,0.0,4.1937642937410935,0.3908676001784687,0.10197518256159577,0.18654242254494388,0.2320872638940248,0.22429627062357485,0.23123239803664863,0.23141766891110982
HH434,0.0,5.408745018903444,-0.8446333522725825,0.9846108362927004,0.26490260758680656,0.23216620126061507,0.23899038535484013,0.22569310561443126,0.23622614239835898
HH438,0.0,4.6462048192082115,0.5744647950780787,0.2017840714839726,0.20423145226185327,0.22757265706739277,0.2310511453682021,0.22008731710228502,0.22700376935502486
HH443,0.0,3.077613887173505,-1.3979300177196332,0.1498544497502381,0.15023472060665544,0.23566734511811754,0.23286418240728415,0.2458735617534944,0.24590528403804593
HH445,1.0,3.9812164665206415,0.32517263229236165,1.6089146352095236,0.1429894665490124,0.20795123587594636,0.21791624073021523,0.20616679711365324,0.20541432703106907
HH446,0.0,5.661616330826925,1.8178034596479984,0.07472271876243652,0.23955081626739375,0.2116481931832466,0.224584223459693,0.22103659839975975,0.21529727381166092
HH454,1.0,5.490012075040426,-0.7615204122318464,2.687445961474628,0.12959518993285027,0.23038633953894205,0.22683503774921968,0.21383798952986113,0.22336064824877658
HH457,0.0,5.230788186664327,-0.7922587601432174,0.8384236411390171,0.31812502311474433,0.2107361559305168,0.22615032190261986,0.23570475302158284,0.22440608795190506
HH467,1.0,5.186373821950492,-0.915543930337512,2.1489929510871684,0.09431544784509208,0.23509216886320422,0.2257269611658737,0.21323762538042723,0.2250832806918531
HH468,0.0,4.7196852413793255,0.1925520520036756,0.14639423733069656,0.4731545532708285,0.22613283522590488,0.18536463766541075,0.18652010416900083,0.1865206392333228
HH470,0.0,5.003909020718403,0.7034048233280048,0.40661126670084347,0.3479385720129041,0.21469360703269313,0.23079536728514283,0.24121871455785915,0.23080075263008204
HH477,1.0,5.257154208500683,0.8497010892999427,0.8076401537178192,0.23487787066658736,0.22581972136239,0.22630036777475648,0.2292182654710087,0.22895820353873061
HH478,0.0,4.643190727451955,-0.1962942136091141,0.3586066572915841,0.11230974880787166,0.2309637036618866,0.21908777965116957,0.2188072653118485,0.22261786495668395
HH483,1.0,5.653863185979461,1.6956118486435097,0.6135366917024447,0.13542842363218952,0.19972946733741803,0.20049771512679093,0.2130880808311044,0.19410365491530232
HH501,0.0,3.68906979321533,0.027251453475157453,0.8703430470657014,0.16117918849742424,0.2393460798375644,0.2175797728654462,0.23131702746232216,0.2320107354656513
HH508,1.0,6.305683517969612,-1.5491886799550465,2.0523748215235127,0.20341901463262954,0.1904066756711569,0.20078235497867072,0.20687419340856947,0.18876581105842574
HH511,0.0,4.267735171869068,-0.7111830327634286,0.13094425559973144,0.2583822878468752,0.20315682984472694,0.21572872929681533,0.22003493572499916,0.2060640216000335
HH520,0.0,4.141519211075732,1.8677319476536736,0.4824896192674003,0.15701517746317772,0.24342143494156768,0.24777302728392564,0.21262194657734892,0.23947316961663517
HH525,0.0,5.540535292014127,-1.6134510701903482,0.2695373021945905,0.1665645520027241,0.21834594162136908,0.2200192767809767,0.21860558288252047,0.217076022167587
HH526,0.0,6.739275431878653,-1.178772060561523,0.4251018294265122,0.19352168105202275,0.2519245366524831,0.23059191890998487,0.24399411131649962,0.25107183038981606
HH529,0.0,5.0550365916756395,-0.3527288170542463,0.6448878528166191,0.1605970110615538,0.21808978654768188,0.21067555458186177,0.21647812298257466,0.2106762467590469
HH535,0.0,4.826579137575436,-0.8493568237307412,0.4448404708132561,0.3363605761177647,0.22553083388357004,0.20427454903767547,0.2057698368745191,0.20578483931573346
HH568,0.0,5.916602872096269,-0.6570867737690373,0.8414843970643523,0.1843170124413781,0.21937273886948308,0.22787477252394153,0.22314018345350045,0.2231481360086243
HH569,1.0,4.440065706629642,0.19752388856307926,5.509592271725994,0.20890022871335145,0.23223402583978067,0.2246349235260863,0.2307688466982118,0.23124084773113066
HH571,0.0,5.79054713360281,-0.3292366859323397,0.3508393467315877,0.24002729049959204,0.2340401623457811,0.22605714629674287,0.23305980363483772,0.2350617876799351
HH578,0.0,4.643754049514653,0.006595005452043635,0.5438425598392654,0.20119852763297488,0.22524544041439973,0.223654427494049,0.2222269320844428,0.2236141479675208
HH579,0.0,5.7015071289399195,-0.7443256402300347,0.8806147338401635,0.30656452108324783,0.2299316363624759,0.23808237716658362,0.2430356482665028,0.24326189244470775
HH587,0.0,4.123139592140253,1.5359316055263217,0.8691156461105037,0.303370272029202,0.22954927469611416,0.21078127726144252,0.21472902109070302,0.21470978576494903
HH591,0.0,5.276811925444888,-0.1260757083677523,0.4905884080138078,0.20368263599277464,0.2232887002020237,0.22047390316996887,0.22585107406388966,0.2225694481120437
HH601,1.0,4.939009168591593,1.6797671647559058,3.3716865654253363,0.3451274441926062,0.20056488866627564,0.21562813055391133,0.2407472972704911,0.21563584583007653
HH610,0.0,6.2934104251485286,0.319438428969666,0.9389008768519276,0.16431496103805762,0.21726524729245508,0.2317907288084269,0.22413478175384338,0.2241256791663307
HH632,0.0,3.0624025905807213,-0.849157217472332,0.2746548306501191,0.12894268819888982,0.23575233506036314,0.23674506474344661,0.24961677826641743,0.2496392874912414
HH634,0.0,3.7396637802749497,1.2897551401133216,0.32226004708392103,0.15664916019484054,0.20622091111976726,0.19975661982325857,0.21544060484213157,0.1996484403240575
HH640,0.0,4.986629859489409,-0.5818139274030449,0.5009278628606162,0.2346262942622823,0.22461710881561267,0.2199535319502919,0.220549806287734,0.2205601267921378
HH644,1.0,5.838858940781617,-1.3808374865901638,5.571340688042941,0.260801152021274,0.22013754283096604,0.23379833802502217,0.22199754376352057,0.22631322809263013
HH652,0.0,4.828396456912338,2.0277952564979618,0.6343606831834638,0.2452134278647689,0.22207664365145996,0.22625870577628537,0.22728158471699497,0.22666994494923792
HH654,0.0,5.140504533532092,-0.7955240643278401,0.011244438035526327,0.14269062601987414,0.22576201807841947,0.21607530349144735,0.21569624753130817,0.215955924932238
HH667,0.0,7.424254866120927,1.9191287065916391,0.3449617128146586,0.22872674912351826,0.28570238219252336,0.2541576504454305,0.24810152183663997,0.2874984216943738
HH676,0.0,5.332643866143849,-0.16922441105632438,0.906117073820256,0.26773313084580724,0.2278986233071549,0.23451963883950253,0.23156123836190617,0.23454746234908186
HH685,0.0,4.226236653571163,-0.42886390888491205,0.9033135273879032,0.3620439329458268,0.23108734147449325,0.2274350304201083,0.23532010852652693,0.23483988316909596
HH690,0.0,5.600293386078165,0.8315066325481156,0.006672921775606522,0.264398576519161,0.21547407880957992,0.22989542413791467,0.22496346436570913,0.22228311170323228
HH691,0.0,6.109558263278251,0.6856686198824394,0.6932540422379249,0.17941019198076025,0.23174896741003126,0.21664217800447702,0.23485440178634806,0.23049146300499057
HH706,0.0,4.927453727409553,0.3829588370138316,0.9219753455516514,0.17579896058418995,0.21949357316668486,0.21499375022676656,0.21959453802871512,0.21498410235704032
HH714,0.0,4.539577208787594,-1.774027754610019,0.647802179535355,0.16074239405432492,0.23602831375362632,0.23442474200533017,0.22866249645997536,0.2395535535664328
HH718,0.0,7.08389331436784,-0.2880471478133674,0.8609105698529428,0.14114152920188194,0.21068371401172367,0.22240933067129626,0.20305907645093613,0.20500708098012116
HH728,0.0,4.702578738645795,0.29314536752270465,0.11574155645476154,0.1934567141172312,0.2262298073511642,0.2270733378948384,0.22880461202915345,0.2288017782754139
HH730,0.0,5.434984169264561,0.13849937421890238,0.6881650277568054,0.29559316101858896,0.22207171630650602,0.2110377439383506,0.20856820436925472,0.2085660537780767
HH733,0.0,3.640679875274643,0.0608629094728728,0.40685124961474894,0.17400630459236974,0.21440834604437345,0.21915732539149274,0.2086280569498941,0.20867831439725512
HH744,0.0,4.723974258801179,-1.356478292643298,0.6531176439878345,0.2711807288450589,0.24507160511776888,0.24562828349375063,0.23160379912545312,0.24976919811632228
HH746,0.0,4.222766440036311,-0.6010472191450338,0.6716734529046843,0.2761309999699049,0.20435252017332683,0.21858315322455352,0.2207388964583998,0.20850854330564786
HH750,1.0,7.381686405996004,-1.6968386352196134,2.2007572734353693,0.18950628730047106,0.17797850379481375,0.1971547742228113,0.19264228180936174,0.17484941993530492
HH754,0.0,2.835448577506232,-0.25153838628073943,0.1486691778320156,0.2521806490380799,0.250287335841078,0.23036204697206805,0.2534934689755064,0.2554937338176995
HH760,0.0,3.945690453869368,0.6770098990560132,0.7151433274200323,0.2675611490367087,0.23416993879529374,0.23063507905116187,0.24322601390450135,0.24156896402937486
HH761,1.0,2.241072475762472,-0.5731858029469236,2.7682926479272654,0.15885893034577495,0.2048488927767953,0.21792242288700558,0.19658068532005685,0.19685462478711963
HH766,0.0,4.612255983885056,-1.0103437690464898,0.7806065172614509,0.2290078912848769,0.24125123382084898,0.24303571063426402,0.22558239272787478,0.2429806342873122
HH767,0.0,4.393264431957577,1.2344069131268018,0.4948293085404145,0.29837485330214336,0.23098963934885425,0.22889208942371214,0.23217871810761637,0.23325740013511928
HH775,0.0,6.718791134703294,0.007557399411014336,0.3207820821386621,0.3527871652405641,0.2439097137559217,0.22766859343516307,0.25045183432338614,0.24956855839996991
HH778,0.0,5.19395027307776,-0.5339765397717542,0.5885933625777596,0.21853240802142265,0.22229486875273308,0.22340633419082517,0.2229388934099497,0.2223798265661386
HH789,0.0,5.564001509491212,-1.2981680931141593,0.5120424080611121,0.2975011005119629,0.22611299794895368,0.22382403645001248,0.21366109715826048,0.22082260041267002
HH795,1.0,3.5235001006112485,0.9188749262067044,5.601828830921741,0.16496183188537245,0.23303578712318612,0.23210991659015973,0.24062380889728152,0.24061460937948195
HH799,0.0,6.234064550076872,-0.2902227774843732,0.4233566939128326,0.16560552377628154,0.22970056969769764,0.22388608133231186,0.2204212210328414,0.22399675533687888
HH802,0.0,5.986429116974126,-0.2594259204411088,0.41233888865466384,0.1486382545734167,0.22916302226877194,0.2146602400697904,0.22893510960321664,0.22440523352056269
HH808,0.0,3.6781747647269176,-1.126048441622928,0.10369508135526352,0.21309691181424373,0.25198831782476505,0.23795431896912692,0.23489594928731372,0.2517131515425464
HH812,1.0,5.136222779746434,-1.7186415249335438,0.9055584236384466,0.12608377859556485,0.23441150034548572,0.2321155515847976,0.21996767816023746,0.2309069303986084
HH820,0.0,5.154736569887811,-1.0872140040048983,0.4973259035723244,0.18699018282115804,0.2375709605982582,0.23531517317861805,0.22110739699284573,0.2351070838253845
HH821,0.0,4.1221387248294405,0.4826756540148277,0.0524924505862332,0.0885903999243748,0.22616162601522266,0.2277589599489534,0.23604730460041362,0.23425828939480844
HH826,0.0,5.8867839385230605,-1.0837211503639248,0.013574110145383568,0.31574857467981154,0.21576083407767827,0.2249556795600247,0.21910954870782973,0.21818104091307047
HH833,0.0,2.5618674404853197,0.35289475492305944,0.7702302547996037,0.11292740850666802,0.23792085397060633,0.2269218981252287,0.24500439542682392,0.24490249812377698
HH838,1.0,5.826579468423643,0.5062746457758911,3.7824449929225095,0.2558674557064287,0.23025017631841635,0.2295555551551961,0.23673804394208198,0.23655875991381453
HH840,0.0,6.7634532698603405,0.4529808207368301,0.0026888566797775852,0.14868488970269594,0.2374105841904425,0.21538844846881877,0.2290658790929926,0.228884106919942
HH841,0.0,2.8993204066420075,-0.4269066349445189,0.8264034289976852,0.2416815064102993,0.24001777033588312,0.22297484395452993,0.2342922195702118,0.23848713472582603
HH844,1.0,6.1825718335726085,0.18768043486810865,2.5306998631521203,0.23284586607800195,0.21376571119191437,0.22057146938840505,0.21371792011658117,0.21247085390417858
HH845,0.0,5.978519339838008,-1.6862331115860396,0.6928225387152196,0.1678082164480505,0.2451306069215348,0.2334069367428917,0.2326305439193413,0.2432086015231671
HH846,0.0,4.426835572299226,-0.8819728332844643,0.35768546614983604,0.16042987524791086,0.2392054181573858,0.23238407374549447,0.21696171019243587,0.2323114154752432
HH853,0.0,5.326475683282609,0.2041590279155492,0.7295972748579238,0.18475863605784956,0.2199455684452395,0.22037881806177356,0.21960867221128802,0.21759387114555678
HH862,0.0,4.2653673680489925,-1.0949621382111128,0.9134059471575372,0.1506591590367323,0.2301611587979609,0.22056578289089043,0.22968601798662558,0.2284574878933146
HH863,0.0,5.246883499827558,-1.4367519806803248,0.45727848546043204,0.31344530676439497,0.2340541361999382,0.23692762386782046,0.2288215760528153,0.23787013100469134
HH865,0.0,4.43273486080249,-0.860388265742774,0.14387293161090908,0.33489159278836045,0.21891115502596958,0.2275468827190757,0.24874879176430803,0.23529142590180627
HH868,1.0,4.160582641446593,-1.7983774908562358,0.04509511159380786,0.3228836978679399,0.22266322212002654,0.24000869108480627,0.2151963627862889,0.22665339755551955
HH871,1.0,5.0390705071840145,0.8437943062098741,4.365521187683066,0.2285381917826513,0.21475472206109344,0.2167441887996045,0.22549019827857952,0.2159426428357096
HH900,0.0,5.879404416587951,-1.8194903912563327,0.5544373368840813,0.18322126728947014,0.22114413817314263,0.22406284717068806,0.211526263799962,0.21709910403432495
HH902,0.0,4.495745026785872,0.3084257173907877,0.4015270570420534,0.18868484589002785,0.22065556251610566,0.2176151524474545,0.22047258818585314,0.2175639478802478
HH907,0.0,4.459378992781239,0.7870145391398409,0.04539495684916983,0.2878185547285864,0.22214603922862533,0.214548083926883,0.22121457324351265,0.2176549852836502
HH913,0.0,5.227847906060531,0.8909365496598449,0.566322382156451,0.1695374721507778,0.23961404336303208,0.2333592884530502,0.22322664465833242,0.2364816346626786
HH918,0.0,6.513439870078403,-0.6047349216743998,0.02568031806303983,0.2291290503321191,0.23602814949269674,0.22729585314623504,0.23846859375822005,0.2386243419903067
HH928,0.0,5.1768714819662245,1.0345228425851651,0.6394951435762188,0.2563382683671913,0.22352419645097624,0.2176663255818225,0.21605304443666837,0.2160375440511809
HH938,0.0,5.588530015543284,0.02218516014902057,0.7415808282894982,0.1358945010971273,0.2192731592218339,0.2222615428529474,0.21745139835314875,0.2173906268513263
HH939,0.0,6.086236517395448,0.4676717541481777,0.5893861045397033,0.19416815820659772,0.2102667643661753,0.21819407481969483,0.21463626868187005,0.20873282078321698
HH942,0.0,6.254604909326491,0.10724371629291052,0.07929169277731829,0.20797467742537806,0.23369130595169832,0.22359718940294995,0.23336330670151587,0.2333019072799501
HH947,0.0,3.835124651407261,1.9604430902874521,0.8397157243611183,0.14660277268532246,0.2413630335053382,0.2484614545899818,0.20928202536187726,0.23666457499320193
HH953,0.0,7.630056824035548,1.5864912359542995,0.1829025039724954,0.2375810640409509,0.20308614189280433,0.22792615809489397,0.20230505058943637,0.2038304482980392
HH957,0.0,5.538998604272103,-1.0585021703847863,0.16167070509987647,0.12910343893334045,0.2223312629848424,0.21542409740431387,0.20806752802096012,0.21138490180142036
HH958,0.0,4.550097893486319,0.5509423304520623,0.7757713439702147,0.1867002556042716,0.22782760571984909,0.21995700012234357,0.22562740471826556,0.2242834058874407
HH961,0.0,4.714762965715208,-0.7911061537856467,0.14949721587321885,0.18724929584329225,0.23772761658684094,0.23428574345872324,0.22064449704945274,0.23424322622800478
HH968,0.0,5.447113189713005,-0.44090944442766,0.8113060559241536,0.19508158135858555,0.22787250277752427,0.2225406815229232,0.22517867840856023,0.2253197397981089
HH978,0.0,4.244757358443537,-0.7858154733029954,0.39161079482950745,0.17603515053510144,0.2324628647054893,0.2286410890987819,0.2296199511648096,0.23500100070706248
HH981,0.0,6.847414019823392,-0.7424274878345919,0.1939813307605945,0.2378188153847573,0.21811754820641463,0.2355196589095787,0.21249780339696095,0.21983501640645092
HH987,0.0,6.9265546353139555,-1.6627747942488305,0.5557662544699398,0.22386519839554514,0.257672417772819,0.2352998842626238,0.24786547141134935,0.25804153503428146
HH995,0.0,4.987370888347375,-1.0451661797858884,0.6137290613766365,0.2519201199227237,0.2417793257248234,0.24653614511379127,0.22902364701484523,0.24651987862814054
HH1006,0.0,4.312949597957462,2.0541363534690853,0.7575471199841878,0.12168122873065346,0.20669695479264774,0.19578623949239765,0.2221129979217462,0.19996060252020587
HH1019,0.0,5.528764417558604,-0.7092725091864442,0.3065258738403365,0.2105956566048608,0.23635348837098571,0.23590673666373255,0.22478710493095502,0.23594762426970928
HH1026,1.0,6.39736064669742,-0.9018539646424318,4.805296548115376,0.09793090198854612,0.19678226753871925,0.19557118226727538,0.19267687152704,0.18239820311720423
HH1031,0.0,6.031522581994455,2.306508312745747,0.6917547853425255,0.22806677564991826,0.27478487273709884,0.2604772160017565,0.2345268530575539,0.2765329647637689
HH1047,1.0,3.6992022254056818,-1.3388876094457638,4.916329371547358,0.12672314658821685,0.18813593971820464,0.19797532369107002,0.206896495336387,0.18244067082554757
HH1049,0.0,4.663349918682826,-0.10205253684784547,0.12192515997863562,0.11730002658905553,0.21684659885918078,0.2147673470067789,0.214838119333385,0.21010028764265676
HH1060,0.0,4.750995503258059,0.6763506372549486,0.071994721412455,0.12683293995641012,0.22595010706262456,0.23819103148390222,0.23949485517986402,0.2394848735781534
HH1067,1.0,5.293680691206361,-1.286979267991993,4.565376896959107,0.12527763444300513,0.2041418520838177,0.19420763671215702,0.20896562349847453,0.19260847732613792
HH1081,0.0,6.567160737328494,0.314544327159773,0.9232020224435352,0.284184751089883,0.23995954552889004,0.22298036164485033,0.2454324241982738,0.24282144672129885
HH1089,0.0,5.712359333993838,0.9168671283122142,0.8174868918767139,0.18301709506565936,0.22641037186498866,0.23102003971193402,0.21137944259202082,0.22201589565000626
HH1099,0.0,6.516668506375468,1.8398663544765157,0.2802238582082266,0.20084064282244388,0.20272098893498847,0.21936663965258502,0.207409858574519,0.20159230332031022
HH1101,0.0,5.742420369206817,1.2661574845539485,0.6528317795105946,0.2681555078949713,0.21256417048056103,0.22955135420957734,0.22397533700246647,0.21987140025158042
HH1122,0.0,6.120771473733765,0.046251662238432134,0.7580046088383046,0.38471998921590495,0.2358110833835209,0.23622367932930663,0.2458334166093598,0.24894673761501362
HH1130,0.0,2.8896329680348343,1.5814817639063734,0.13597561501587366,0.18381284641796672,0.27060990310326277,0.24060846780207704,0.24772090265106148,0.2657364520458612
HH1131,0.0,6.072823534584018,0.4995210881503375,0.7703834391131189,0.3619905559796645,0.23211378467935745,0.24429101242871049,0.2543349642649675,0.2541274510536695
HH1134,0.0,5.876582945139487,-2.033263445173145,0.09870476476453494,0.21481511387698846,0.2579959267653285,0.2580145307525773,0.22586384199063908,0.2580818517121254
HH1135,0.0,4.971760716644716,2.355722891582264,0.6212453964988106,0.1568704735369772,0.21021599305379304,0.2148224456982799,0.22609501665745216,0.21363909380209328
HH1139,0.0,7.214819474349313,-1.0929003119982834,0.6452976535519632,0.27904000890431896,0.20469994170082204,0.23575736140485737,0.21034219075827798,0.21309025330355774
HH1141,1.0,5.063483683833139,1.0188527229941202,4.013935600823297,0.1942262009313771,0.2243010650402174,0.22068039996968603,0.22208219769824267,0.22178705486129272
HH1144,0.0,4.422324242730414,-1.3547441295131808,0.7600742165574048,0.1953871287732519,0.21295538264263367,0.20222832873919686,0.22913326871170153,0.2100643686350493
HH1146,0.0,6.212363279004731,-0.28267128537981434,0.07068592024164677,0.17379250291510456,0.20599943229237114,0.2133571339319927,0.20421341191822334,0.20061123678578408
HH1149,0.0,4.113537275209002,-0.7001112431927875,0.3760668166213072,0.17455416957204106,0.23633199170040187,0.23128991968698867,0.21816637381825799,0.23118844932717056
HH1153,0.0,5.291215851331922,0.6014141092768066,0.2136842284771888,0.1820249032088474,0.2223785791380194,0.2245728151517929,0.22118824015362676,0.22165936656835744
HH1156,0.0,4.829859335099346,-0.6446089602282555,0.8426789443121472,0.17640009775003568,0.22338882869249782,0.2203115945514048,0.21786807038402312,0.21809147853824423
HH1171,0.0,4.1999722124911445,0.03267713171528947,0.3233116601666685,0.11676697884984935,0.23350996872981317,0.2117736560754523,0.2200241353844672,0.22051476095218953
HH1175,0.0,4.664317601853701,0.9591512599618855,0.8740999515660618,0.16030996260929434,0.22644329103856672,0.23289558730768758,0.23445665460755621,0.23444270619596394
HH1185,0.0,4.92278135835446,-1.5328475420389307,0.1592976903528346,0.2319852027808009,0.23192480878857274,0.22889209780619407,0.221716844350616,0.2307777136623811
HH1187,0.0,5.174132520507949,-0.10732532091468727,0.8268494286352581,0.2447475604339187,0.22243884625803595,0.22367516640308607,0.22752553237607445,0.22468831966420072
HH1194,0.0,3.7183508848978977,-0.3113974532656853,0.6987808247899517,0.15856055010516995,0.21514169674149178,0.21757403292045932,0.20718654369411169,0.20734425093402697
HH1197,0.0,5.043056874151066,-0.8064908030256541,0.8713649720037996,0.2382142870905669,0.23502112064361874,0.23630282618681478,0.2262786731225575,0.236880942322332
HH1200,0.0,6.763482852296437,-0.3102198150017173,0.4429289286122132,0.2974695240767378,0.2068999229229097,0.23675486584668937,0.21726907106802648,0.21777208567318093
HH1207,0.0,4.627663784078465,-1.4312573398970476,0.08573151859544204,0.3931757341101396,0.22659951240029355,0.22636624283677748,0.2323802279419003,0.231013352687675
HH1209,0.0,3.586306603463272,1.855736367765228,0.9589212376622538,0.15756452314138955,0.22222816262681663,0.21711778859384132,0.23515483650810373,0.2259310740962397
HH1211,1.0,4.893557467935547,1.1773439139981907,0.9275594793507832,0.16110098264709258,0.22195782833053795,0.2153915289824794,0.21868104096432178,0.21530048387930067
HH1212,0.0,6.376202709720713,-1.2925892640746284,0.9110139072002976,0.1827088765418188,0.19255889768159803,0.2013939996401592,0.2034077275533031,0.18841575532653088
HH1215,1.0,5.282737054016841,0.18171585969824766,2.1900794016651766,0.22151663807815306,0.2229314660181532,0.22253632679156585,0.22091162172007459,0.22090874805480903
HH1223,1.0,4.742249246060745,0.28446494045039306,2.6654213107546383,0.4992728986736959,0.22600318345607698,0.18184868520096126,0.18279097534824407,0.18279032082556823
HH1224,0.0,4.792235739770237,0.3903996843529083,0.40680568136173545,0.14757614419676998,0.22571692749094244,0.2345709757890864,0.2357890450976269,0.23578389276271228
HH1230,1.0,4.5139597880746285,1.7216211368900112,0.8407558353854372,0.2385893687599741,0.21992407587552415,0.2257406427314372,0.2239086628411301,0.22341005304206785
HH1246,1.0,6.392166800102057,1.0525078671644843,0.33042087719157576,0.19640747385523788,0.2167116412976578,0.22713052253361896,0.21847888289898273,0.218458311171403
HH1248,0.0,6.033557277018688,0.11263223776371713,0.17662070719776998,0.1970030143486025,0.2359091670684854,0.22354725259524172,0.2325150077664062,0.23472564123260523
HH1252,0.0,4.836737149570657,-0.3652880379809405,0.622659127696359,0.19829958038904194,0.22330324499545343,0.2228775659230965,0.22088955201007016,0.2210271038887045
HH1267,1.0,4.479060603326301,0.14434503744593818,2.524200801844672,0.13338777026813614,0.22999463232879047,0.21371977706662676,0.21932359943171972,0.21934649311571427
HH1269,0.0,4.65379666372778,-0.12088136586002494,0.11800297537086304,0.1808979271178532,0.22894511877383983,0.22047371189726972,0.22376926127651,0.22454584738310054
HH1278,0.0,5.682201388549022,1.5225699932841383,0.18999873821209645,0.3621985820833075,0.25609878292746896,0.2581306778750014,0.24003934619437803,0.26842590834498575
HH1284,0.0,5.352598621108236,-1.726325951329348,0.05491368476714198,0.1784908216901547,0.2372351667186384,0.2340986822243521,0.22482112152087225,0.23575162279307296
HH1291,0.0,4.862576296291998,0.5506932843105922,0.6761539195472009,0.23055980846541546,0.22437972176397847,0.2258382558172453,0.22820759672971141,0.2267064091987417
HH1293,0.0,4.738361652623028,0.6391484044641379,0.8526056864269353,0.21473008257928566,0.2198190734312073,0.2179180068309549,0.2266614898865709,0.21990494986723313
HH1294,0.0,3.7137590891772367,0.8632862023498954,0.7034529870008646,0.28850882271578443,0.22173962103036265,0.24180513202262363,0.21689396516016704,0.22732144123105508
HH1301,0.0,4.2575759943150056,-0.7374019936761977,0.1994172602307676,0.2770813966489668,0.23550846462409616,0.23477048893784802,0.24111889275080536,0.24411845973335297
HH1313,1.0,4.8837125464379705,0.6899374665896103,4.475445564491237,0.22858180164734204,0.2197840527962402,0.21844804796720577,0.2221780578589058,0.2188923428041597
HH1317,0.0,4.182903884224651,-0.7616961588088262,0.7156779328736411,0.29766897182122914,0.2015076681988763,0.2177380996542987,0.22172998491375187,0.20706031368757166
HH1325,0.0,6.0100510541851495,-0.1025914394180663,0.7281119096036772,0.2066509687465056,0.21884628506526807,0.22469412490503302,0.2190635984471161,0.21906255036182254
HH1330,0.0,5.057319267426196,-0.8994523618680422,0.07448442414515699,0.3513851791978018,0.22519560973392316,0.2445797192825099,0.24426474875011392,0.24456268832110606
HH1332,0.0,6.511507467582628,-1.2336908826647337,0.8426458701502059,0.20132690067192704,0.22708249281767423,0.23823423286469014,0.21204198944272748,0.22581900370993852
HH1335,0.0,4.701349492596943,-0.6418090945553505,0.32009346741666034,0.19371304849573254,0.23018127911355366,0.22319014300790677,0.2249749250154561,0.2274099036842823
HH1340,0.0,5.506548285540752,-0.1470336563976651,0.9158503895456026,0.3111828777025452,0.2255408439719562,0.2278615504320137,0.2349760545435882,0.23271658772271628
HH1343,1.0,6.099250822093129,1.5139592697193545,3.523969198362334,0.32217091674602183,0.21603580962310645,0.2300703219858985,0.21738793532321174,0.21884204787393746
HH1344,0.0,4.361841211578644,0.9293818482034568,0.8251833981271625,0.18532650644912665,0.24279957604435398,0.23152304208960764,0.22852620623579112,0.23846140069582422
HH1345,1.0,4.774188914679688,1.1537676383865982,2.097718923354817,0.22562453914195635,0.21250537546046178,0.21495849798316785,0.2192189347632465,0.21298869883367322
HH1350,0.0,4.190606284690515,-0.29976699225341885,0.1866647308077596,0.27388855221635033,0.2347589565538366,0.23345123447291136,0.24140961292784557,0.24295459891313934
HH1355,0.0,4.087688951678995,-0.10007669016086193,0.08526417281906673,0.1310110832900114,0.2348084674929847,0.21950010100410525,0.22463596597152546,0.22790677485645755
HH1370,0.0,4.7722455499861365,0.6445221180276393,0.0910067183926916,0.16172918507464729,0.22233666144492129,0.21686002927263204,0.21545965066969783,0.21529690328398363
HH1371,0.0,6.3317129852562894,-0.4771322108546346,0.5821002572557175,0.2539861440203632,0.2163522973151835,0.22248423137359513,0.2115205756587473,0.21374759708418714
HH1374,0.0,6.084772659529826,0.030051960541986212,0.4713580438436147,0.17656975325108445,0.2152673845772392,0.2246637367571374,0.21775444775300873,0.21740061703306154
HH1375,0.0,5.0156160210199365,1.0034768724244243,0.22172549323800128,0.11788265469029376,0.23902215208240638,0.23129168027061814,0.21804501591351494,0.23205625626220486
HH1385,0.0,4.930535928560233,1.0675117978236115,0.495376722890711,0.1381480480848381,0.22191873590604694,0.21260912398786386,0.21532484530675383,0.21232116232378687
HH1387,0.0,4.8598790457019385,1.4597541425870366,0.3420798003171989,0.1500018400395573,0.2090171838385271,0.20405874776475086,0.22028302014135007,0.20427456477916983
HH1389,0.0,4.820918783798669,-1.1640611918013193,0.6487188577879366,0.2235444297629886,0.21081118181996764,0.20834748808200468,0.2278916636542924,0.21167090960723736
HH1396,0.0,5.83853361339183,-0.4000371189681233,0.5778257457171924,0.27914053691471025,0.2167391958208659,0.2252706528427794,0.21866121657885507,0.21832752863983573
HH1403,1.0,4.802640685391928,-1.0805897130862354,1.8343445206321731,0.3171964227365723,0.2256692443544833,0.20697956505560103,0.2087969113031869,0.20881554573283215
HH1406,0.0,5.531287787166404,-0.10431587881247227,0.9989026405029856,0.1689025737781143,0.21573744910362372,0.21507678360596375,0.2117411519811917,0.2095147918992994
HH1411,0.0,3.53879875414108,0.1818663456646168,0.033740243782420916,0.09415901685743444,0.2379478160728385,0.2214586680697725,0.23497910234148123,0.23484367660921368
HH1415,0.0,4.248145000457576,-0.3995156383596119,0.7312000145228635,0.10144139683833096,0.22684337960652357,0.20235009729720613,0.2186191258314437,0.21127567871526484
HH1424,0.0,6.220734704603766,0.1897214090177063,0.18145157967694525,0.1255233092606545,0.21390626044821523,0.22230103050249791,0.2116969157147044,0.21183629855176517
HH1431,1.0,4.72873886995554,-0.12212691211036435,5.1635357547032825,0.19373433012181865,0.2253349626979093,0.2243698751756885,0.22535145437420673,0.22663632450920457
HH1432,0.0,5.081820171391551,-0.11864860708601478,0.9049240794239999,0.1789702869593307,0.22605567139549193,0.22353730990139123,0.2209972946700444,0.22315413145314628
HH1437,0.0,7.453228994027902,-0.9656330958671324,0.22064924650415474,0.2963624183475733,0.2434936124068992,0.23694188273591144,0.25619537237284373,0.2564363294066972
HH1445,0.0,4.975844888053518,1.356397136268865,0.4272504052548373,0.1291180027469522,0.2234888036816282,0.21181217790661333,0.21264852573074408,0.21227152045971423
HH1447,1.0,3.8830968728878528,0.1667959990085794,1.5776593262328071,0.3619542764559174,0.21254976798401143,0.23640357676279283,0.22303942976208432,0.2230962997576953
HH1457,0.0,4.542637542094588,0.8394416274546542,0.7643874143027515,0.14030400734402482,0.2212875077086557,0.22294512377109976,0.22994123244173348,0.22593718082526515
HH1466,1.0,3.5367974009727567,0.3739301231923128,0.6466617174663163,0.3251488638985424,0.2381344235804852,0.22797159713091583,0.24085243774816775,0.24105366973436576
HH1485,0.0,4.630680640009594,-1.1218215619114604,0.1329218498156487,0.22025774920074986,0.23164901565830162,0.2276030514391413,0.2243222327919621,0.23129043963477836
HH1489,1.0,4.307326615164305,0.041708767212186144,4.452861764842961,0.1580823288207429,0.23075139042429696,0.22288494150452076,0.22948573515971657,0.2293340288887865
HH1495,1.0,6.08226615964941,0.9889192879773748,3.013047897666989,0.2347058693550634,0.20987856021107584,0.2255441218741663,0.21608519852152544,0.212838643653931
HH1499,0.0,4.659008658162452,-0.09556006132895928,0.41512969751550455,0.23692632583482634,0.22648206765231665,0.2199250838869727,0.22208236634966197,0.22208620238214455
HH1511,1.0,5.146858580370883,-0.9273078270993418,5.11863024804317,0.3459124696126061,0.22370985073014357,0.20281200896309487,0.20259446313230875,0.2026094434921669
HH1526,0.0,4.8009701504396585,0.7938956367125323,0.0044310661593115475,0.16649415632775608,0.23298367760284802,0.2316451535263217,0.2191324084956729,0.22965904116133506
HH1530,0.0,6.225241058116338,-0.3653947607976469,0.05581810003457498,0.23971279119487146,0.2308741274164465,0.23411850990733438,0.22951252648918613,0.23423324231353757
HH1532,0.0,5.544154226681223,-0.8221574419803059,0.7451612533362507,0.20756021979573386,0.21512980190704045,0.2106152114539267,0.22859129917989396,0.21457943790350584
HH1533,0.0,4.470203646076876,0.9825611047904876,0.2991525809938257,0.42518253712540105,0.22725865862996703,0.25234911051865255,0.2599492191408536,0.25681191568536943
HH1534,0.0,5.438998016851582,1.434870623004652,0.1855946507143484,0.21381677264182705,0.22203888425767274,0.22461973068503327,0.22122651076669814,0.22120319886558754
HH1537,0.0,3.9006570829518097,0.5066879154768927,0.26672088056725196,0.10649495588484513,0.2059672874776313,0.21536304894539005,0.2038342294281326,0.20217476161242498
HH1538,0.0,6.334136549039845,0.9159444670647424,0.6976668303703151,0.25048296468886994,0.23316244652893112,0.21749928055788145,0.24082234319224075,0.2346807060160309
HH1542,1.0,4.884302802958059,0.12720768159482732,5.338278024482982,0.2296929234351481,0.22337797703738338,0.22525331961036366,0.22610368626991223,0.2252382559438365
HH1557,0.0,4.356970939570009,0.8630081122376497,0.031036505257003518,0.11748591246263615,0.20925787153455072,0.21325058849734085,0.2098295602332325,0.2058426490302306
HH1562,0.0,5.037506300380188,-0.5532648901192679,0.5523605875803764,0.13522040667137455,0.22560224481721874,0.22998080637093735,0.22703248016691754,0.23057453417454568
HH1563,0.0,4.557121135141892,-0.9347785078155736,0.08729856516354895,0.2516670833267156,0.23110512351219695,0.2248144997074283,0.22283462356429032,0.22875876490471458
HH1566,1.0,4.542077202926828,-0.6059417835771422,5.444114484445918,0.21156569671509384,0.20766440833028085,0.21400326586334736,0.21959897379598295,0.20742003463337252
HH1570,0.0,4.266798137483186,-0.9931078914642956,0.3107827713751369,0.2335740914433969,0.19891808241231898,0.20995142215617327,0.2184750299646365,0.2000716017727148
HH1584,0.0,7.317881524385247,-0.2764375522486066,0.4639977048092122,0.16041796691272078,0.22939290329847992,0.22305240361499865,0.22150551733319462,0.22326797812178556
HH1593,0.0,4.385940772768662,-0.3318222284141341,0.0524621653997146,0.14268196413949746,0.22971728435388586,0.22177880146983142,0.22838798419869544,0.22788444276881256
HH1595,1.0,2.0625362557406084,-0.02874083953629173,4.431923541098789,0.14344089371256466,0.18824024540499254,0.22044882051499268,0.18373506638375314,0.1858342198419251
HH1596,0.0,5.212629067870044,-1.9347142645561828,0.7768208306891387,0.17924055620965196,0.22096432535962512,0.2197550602153709,0.2218219818121007,0.21996050769523437
HH1608,0.0,5.795876657067533,1.3753769378210614,0.3311720901111739,0.20372648757059286,0.22958626658359377,0.22151057371894103,0.22911834430446174,0.22867672801828698
HH1609,0.0,4.659816640584042,-1.6489586862205934,0.5587692101946026,0.2964969429077691,0.2340904911839163,0.23932927632548864,0.23941091236178996,0.24531876149364087
HH1610,0.0,4.507849817925413,-0.7728453785972014,0.17912506980025633,0.17125510255073464,0.23952828470066548,0.2303661153889195,0.22477424833439644,0.2357832933340468
HH1616,0.0,6.017787355595875,0.5001556188927381,0.06699949534826699,0.2506285739632068,0.23169679003000304,0.22885243414907264,0.2375348478116531,0.23735046342999047
HH1620,1.0,5.399968728593558,-0.531256623849293,4.356068175413883,0.21411923883796746,0.21815371633443092,0.21526414994447624,0.22766569273305978,0.2181142218294054
HH1621,0.0,3.8058264898259813,1.012327120363715,0.9695237967683396,0.14923558931912026,0.22539631720776018,0.22159116481548652,0.23423241639752065,0.2296370195217878
HH1623,0.0,3.483264814476815,1.7467560389267014,0.5526643126628082,0.17716249270221815,0.2651698160933752,0.24203272392941674,0.2388234202250743,0.2593957674209443
HH1631,1.0,3.5422639341729125,-1.1443718512291823,5.291646169939563,0.2114017106250589,0.2142748450263664,0.22556758240956679,0.21281941725546794,0.2132297795330059
HH1633,0.0,4.507571902168014,-1.1263247678021548,0.7008759961287531,0.2253459247195593,0.24410696703267698,0.2389875032334988,0.22937445539799367,0.2448747840163738
HH1637,1.0,5.2027057783397455,1.2424885050476302,2.1303475604426696,0.20090365907072524,0.2086646892470247,0.21024720179010642,0.22190134020699245,0.20775668975351724
HH1643,0.0,2.677932787178645,1.5237186215050895,0.0244928422387094,0.30046908299943,0.27258376546515534,0.2571159556700762,0.26804954044052803,0.28614119427639384
HH1649,1.0,7.080205334209152,-0.6751904767154971,3.786292504216987,0.1231399157746208,0.20590160219313391,0.22062388026427254,0.20431986355016396,0.20378111111794747
HH1655,0.0,6.212338823217435,-1.35032272602311,0.240094155624059,0.21463033640237567,0.23123091757071199,0.24073598875195806,0.215361808935115,0.23103446318491233
HH1659,0.0,4.20056868208353,-1.0546882777726672,0.79345348028247,0.17334604589724362,0.2343128844923633,0.23011527959711064,0.23008083696145304,0.2370460331723338
HH1662,1.0,3.8016216104311216,-1.799648171621821,2.3020918455667685,0.26731554489313725,0.214511088412988,0.20581475676110428,0.24748763318552996,0.22117472968853516
HH1667,0.0,6.406200735114028,0.9491307889994244,0.7794660026238455,0.15430114055828378,0.2344218797352921,0.21553548661178726,0.22703571014975524,0.2267127139637411
HH1674,0.0,6.526587247820197,-1.2802751257731435,0.5252402355573128,0.15525935709656002,0.21940737205726762,0.23232406575380224,0.21627597216790534,0.2228372303711403
HH1683,0.0,5.563768675749407,0.13757484228669198,0.5874687726594683,0.28112347918536984,0.21958607819812362,0.2263410536463169,0.22114648227690276,0.22127865752946746
HH1687,1.0,4.7597553863820075,-1.1214583300926269,4.57011433162417,0.17493917531920875,0.21200912025431895,0.20257891105011125,0.22206534130833006,0.20650400408066621
HH1690,0.0,5.694276169923477,-1.4861522416234767,0.7818439495973599,0.14360266209109848,0.2302468502578293,0.21700697672765615,0.22003959017698083,0.22049429171750515
HH1695,0.0,3.9125438100239,-1.2339709004236898,0.1401586979676992,0.15316576631073525,0.2307901869385489,0.2325031908988819,0.2402171856618681,0.24024254431676398
HH1699,0.0,4.173302802510203,1.9425959521130187,0.3855707631243232,0.15343160946021892,0.22925642021416826,0.23471941699129573,0.2385774363378189,0.23854869922800437
HH1708,0.0,2.785042790043697,-0.16575186878004755,0.8229792626858905,0.2893703810273882,0.2280625712349589,0.23716811473494878,0.23011405476164148,0.23693884598234027
HH1710,0.0,6.466830454626349,1.062180638689653,0.01328650013979471,0.2028218403940178,0.20025558454864503,0.21234717231462022,0.21249551626894644,0.19948066125133415
HH1714,0.0,4.011708154997352,1.2856778254621724,0.1588386921436019,0.2574376963033781,0.20625803413041793,0.21122002720914806,0.2281291328036873,0.21113529992998364
HH1721,0.0,5.271502366101397,-0.5561473070279971,0.2905922449728662,0.3094705504263188,0.22661869724733297,0.23825032964087725,0.23993432356406266,0.2401135311904183
HH1733,0.0,4.557165045765017,0.9534775542219572,0.7151014119117421,0.11955355668925716,0.21109734694222837,0.2126917576447262,0.21239555867002777,0.20774454222337407
HH1737,1.0,4.884451893703137,-0.4606918669305756,2.147485912551748,0.35495267691112586,0.22519781864593802,0.20178061885071202,0.20267612556108852,0.20268511302631673
HH1743,0.0,3.901056540181053,-0.4952410447480418,0.6075151982850958,0.257268831324016,0.2387363044751313,0.23154490348690734,0.24227441094873078,0.2446148903173564
HH1747,0.0,5.9108489257873575,0.2681896208323249,0.12462762994363852,0.21139595755930896,0.2370957058651455,0.22691825166637475,0.23229116140672143,0.2370182314638417
HH1748,0.0,5.6604135306947425,1.2356344967632884,0.5526171974286258,0.17136462624727586,0.2135295128126144,0.21662683824027726,0.21221285531309644,0.20844789235656008
HH1754,0.0,3.911734214803715,1.0759907685722063,0.04104081458187725,0.2560986183669742,0.233183499454951,0.22827864742968493,0.24199260179849477,0.23902294201636856
HH1755,0.0,2.472863596660918,1.0058396117617068,0.17640719907019375,0.19174414594498507,0.24874883114337082,0.22559556036393813,0.24756595800753395,0.24820238494173907
HH1760,0.0,5.699366380069872,0.8388098228336891,0.2644103997102245,0.23721366246385875,0.22912800128632535,0.22662776535655843,0.23306164099564236,0.23278528441296692
HH1764,0.0,4.264023407801255,0.8863483386191111,0.18068512281802407,0.1462398739070959,0.21850796536257946,0.21456423959827467,0.20960361318778833,0.2093919106751058
HH1783,0.0,4.723192455837495,1.5470012127905348,0.5683468827544859,0.17753774927240895,0.2162020765985349,0.21740147342880478,0.22640573279690687,0.21845734035593292
HH1784,0.0,4.2617078073030426,0.5318516376512102,0.6696122057032521,0.31694923056725194,0.21731168190966008,0.22965209709391718,0.23601241293667613,0.2295814614067288
HH1786,0.0,4.4728769230002,0.7838188598376913,0.8374836451888797,0.2912556208218938,0.2298799258621009,0.22784079517473002,0.2312685242362168,0.2319198308006808
HH1790,0.0,5.9220369510837365,-0.4288062934696015,0.2274871190372686,0.2071081864362325,0.21934057302031326,0.22439582658673135,0.21949788376382193,0.21950228104433456
HH1794,0.0,4.465761914539878,0.9542136830302188,0.4373338104937732,0.27045760964293186,0.2211809695107098,0.21477411118099946,0.22225104805845203,0.21776423795444627
HH1798,0.0,2.5944881237803687,-1.4053845555789957,0.7786943222426728,0.2818884726809649,0.24801204159493767,0.2252713474678003,0.23372449369012221,0.2438160372595521
HH1802,0.0,3.1460933099379984,2.3198996498958633,0.803590255047326,0.17028821829165386,0.2352343370943947,0.2322362190585742,0.24204889417899003,0.24201751249786876
HH1805,0.0,4.462554493883682,-2.056772864280759,0.4226947447972607,0.1266180070353714,0.22755704781360617,0.21815358465959642,0.22729581316186476,0.22518524119602526
HH1813,0.0,4.838010852289819,-1.208037677449934,0.9310620317697088,0.1944626154917145,0.23057799866083212,0.22438907638657635,0.22364485189745262,0.2278474501640765
HH1828,0.0,5.3980103278484055,0.8760626749121884,0.17202784876494406,0.13201657250100707,0.22170308140407372,0.2136610592797938,0.22357166513752014,0.21871077544481632
HH1832,0.0,5.742539854278448,0.05169759335801993,0.2274613853510973,0.2684626130426757,0.22446052488706855,0.23115218382802957,0.2323235340736634,0.23122263362147616
HH1834,1.0,6.8070101701545855,0.7894923378567098,0.6544359801942485,0.23524413330671004,0.20301653640682127,0.22600615875191496,0.20886312266799015,0.20604051751031255
HH1847,0.0,4.208446464754094,-0.7188239413318722,0.9594570491826062,0.17039177965779825,0.2366210531172397,0.23106848101742167,0.21781490142240803,0.23097622099357262
HH1848,0.0,4.8312286523228485,-1.3461115404680126,0.7911901934069191,0.12468982925877345,0.2282331148256934,0.22931740045251717,0.2160342392460565,0.22475369033600884
HH1854,1.0,5.369657207467128,1.4690927730756471,4.631883723640678,0.16212152031587915,0.2177975643148267,0.21057733053008906,0.22439427997183267,0.21598105933242334
HH1861,0.0,5.134662023344604,-0.2763973772044803,0.8774336406971796,0.1464498137167866,0.224153152871718,0.21621888693453906,0.21432410578437477,0.21540676415646817
HH1865,0.0,5.073753852268728,1.2536742082721963,0.7727855859867196,0.20548737025580788,0.20962124904561227,0.21047903090669434,0.22327855449156636,0.2090644342226168
HH1871,0.0,2.6149837698765985,2.0023105883232053,0.487141416404798,0.2669619485912034,0.19622956809389241,0.20200995944515,0.22705385601893585,0.20180839506783235
HH1876,1.0,5.398947120075642,-1.7590936557854364,2.734020381321104,0.19259288730875765,0.21946807611066493,0.22043172380343762,0.2204837419429814,0.21881530284481082
HH1878,1.0,6.231500677889162,1.3401176833477997,4.120834630305081,0.2712123604363632,0.22922479484766906,0.21523353780250523,0.24028478555481947,0.23154721078331905
HH1881,1.0,5.148795267738528,0.7000103316997609,2.9518109195173627,0.15067261217698,0.21971243112436406,0.21554044475890274,0.22109041696939188,0.21741064989741948
HH1886,1.0,5.975195863680337,0.2917477579258471,1.2388152037000577,0.2955447225185636,0.21611572367773396,0.22702002283106965,0.21784656181634812,0.2181635916931296
HH1888,0.0,7.104185399561647,0.5689243526581167,0.28660146741863224,0.3073980583015473,0.2127944149974168,0.20953373132372005,0.19773488377666856,0.19772116495129294
HH1889,0.0,5.22725706422364,0.4129370512727699,0.13650224752943366,0.2320987789269296,0.22569268080861357,0.23088153555575822,0.22389151440935665,0.22799037450009904
HH1900,1.0,5.2308028425185045,-1.5344788945381036,0.2426733677463655,0.121200491224633,0.2267978872515455,0.21415508890827392,0.21350960577265987,0.21398745914091785
HH1906,0.0,3.9685871288318175,-0.4953153917948353,0.5238892509053524,0.3597633637910351,0.23045948759223153,0.2010527397272296,0.20696739081146048,0.20698016668535574
HH1928,1.0,4.865962916493748,1.2608810366791483,1.1602026100330152,0.22395699782584227,0.20654758768323705,0.20773630180887323,0.22536769758853475,0.2077302038917428
HH1932,0.0,5.972295065193678,1.5315660469197432,0.2112522974724365,0.2166705308757404,0.23083723115240282,0.2230412567063601,0.2323375115878318,0.23183413543644182
HH1939,0.0,6.042054963580867,0.5268364720033109,0.1052307275646236,0.15278404756699113,0.21177471487693705,0.2155308901539805,0.20607077832643322,0.2043797947045881
HH1952,0.0,4.466615652392832,0.3254934808584818,0.008701297610888779,0.18096655220949692,0.22465383501304953,0.22298579713113958,0.22785748616585966,0.22679057187298807
HH1975,0.0,4.55030669013337,1.4140961279060995,0.7155810685683404,0.11522172545548515,0.20834393400915205,0.20935699825386148,0.2121452220976793,0.2048952274454724
HH1977,0.0,7.2406930905445375,1.0860957402831926,0.9704437498525036,0.1522536270748822,0.24379680291252845,0.21289481491665965,0.24920060601680413,0.24147331653114257
HH1978,0.0,5.885441607340439,0.8115894103652894,0.744801923646501,0.19984004361349936,0.2123992485623803,0.21955982997185272,0.21758675930454943,0.21313042747430214
HH1982,0.0,5.027680127731042,-0.42127914216143,0.04546956472876085,0.23260163619179536,0.22493446803547537,0.22348783830357527,0.22100897908179018,0.22375871149186613
HH1986,0.0,6.7555153630162295,-0.21135261758114424,0.6299137353433024,0.13507813000817498,0.23890656720429804,0.21441615609191544,0.23532772905271931,0.2330239232771191
HH1997,0.0,5.827659569748881,-0.5256704727403859,0.5178891017117371,0.23970178281267496,0.21745553813365426,0.22919406854981725,0.2193421949370411,0.2209154259366921
HH2005,1.0,4.934723421308952,-0.3698854176823548,0.4511190058340096,0.1735889202478828,0.23105564516924826,0.22606820089095364,0.21933916247566662,0.22605182526700376
HH2018,0.0,4.9238314357269735,-1.4023331221911643,0.12523013092622026,0.2340208695178364,0.22974420418546265,0.233732015539623,0.22146514406325277,0.2304309299105569
HH2019,1.0,3.3475066738245363,-0.6203080768712711,1.4069124728747933,0.312168173807018,0.205981145119688,0.230802596963778,0.2047305256699046,0.20940991440305115
HH2023,0.0,5.4387893345319664,0.6195159854219108,0.16574523276105313,0.14768081224367274,0.22108694456787548,0.22369402245680234,0.21905384076825957,0.21953051235986018
HH2024,0.0,4.17048622025252,0.2612921852612257,0.13922766210408444,0.2990011231945061,0.2181295511240845,0.23577116697168016,0.22960009759323088,0.22955823871661793
HH2027,0.0,2.715383565159819,1.4570644592188786,0.19386529889453666,0.15389321029492933,0.22014172970766097,0.24100872218936123,0.20004296207955025,0.21613586173513974
HH2033,0.0,5.764850169398001,1.2969106263300163,0.4148300913685163,0.1546805982581756,0.2236721887257208,0.21151385793119085,0.22926861010875518,0.22154357539773503
HH2040,0.0,4.149098519487772,1.6788352839324772,0.6662203431794975,0.2008182161773448,0.20217440282798124,0.21045108771285748,0.210401531025855,0.2017823928119223
HH2052,0.0,4.078860013801744,-0.2206794451352178,0.9258028220556314,0.20811660923525246,0.2326128862318497,0.22371869995767676,0.23282875150250293,0.23243667197933135
HH2053,0.0,4.462575385422168,-2.0774666194283937,0.6162589126921401,0.17387105117857213,0.22762367343634868,0.22855888156655516,0.2334371048037779,0.23347394805738766
HH2062,1.0,2.682216922683105,0.3022421393773431,4.479737639094925,0.2515688443986941,0.20183848158881837,0.2303537634525789,0.20552665804388373,0.20441699431108973
HH2088,0.0,3.846719605387052,0.1661407043976452,0.4803199760268172,0.2382859237901881,0.23897573591455992,0.22829954422239795,0.2426971266095467,0.2421741289482128
HH2090,0.0,4.59751400215298,0.8076862511016483,0.7851594803955765,0.3097309962318936,0.23086302873530545,0.24253134133922702,0.22632127095081686,0.23821435925691298
HH2093,0.0,6.4347843360013615,-0.035709137894419464,0.833537808419932,0.14695686171155062,0.2132848796364532,0.22675552632811935,0.21736029161663184,0.2171633725902737
HH2096,0.0,6.268154292001082,0.019644852780877443,0.29603021125345186,0.15734865916213422,0.21335973292045088,0.22282415304048853,0.21203029978256896,0.21204198735140345
HH2100,1.0,5.847657668823183,1.0851315582349497,2.5735573599731523,0.32118957337924114,0.20509372692641928,0.22140088262143853,0.2270467563124749,0.21338422424427073
HH2104,0.0,4.981249158900197,1.4047795329467727,0.11017161097403028,0.2530581093455997,0.22463196976849026,0.21842725125311355,0.2176814340565957,0.21766072251968657
HH2109,1.0,6.085213471557883,-1.4493195377484258,3.5633449052756703,0.28789273589120035,0.2233541416437064,0.22512357395611166,0.21101029868499246,0.21863241655593743
HH2112,1.0,4.607569318620909,0.5096208086560335,2.3992084506195424,0.18532224839483544,0.2267716556537787,0.22852973394317175,0.23069287733525906,0.23068679032493059
HH2116,0.0,3.958232095413085,1.3870239910659878,0.3894700080566603,0.3477314301493602,0.217590339023033,0.22014121724895955,0.2445076781198791,0.2284683069715226
HH2119,0.0,3.074931860851052,0.4268817592784265,0.40637249787801655,0.14975158283450746,0.23740814557051657,0.21515343482534785,0.2342073993639449,0.2320800326649342
HH2129,1.0,4.033709932146455,0.5336135888001102,5.340929078564164,0.14136170562266906,0.23366778511056085,0.21402690176165853,0.22500292260989083,0.22394038912948727
HH2139,1.0,5.338339544064416,-1.86690245253878,3.2288478654841097,0.12977343809427333,0.21991206422178516,0.2185867365688643,0.2195146591427869,0.2177096675823631
HH2146,0.0,4.807045276710479,0.5593875423173121,0.5502189617062145,0.18894898269627247,0.2266687092659219,0.22467790610215044,0.22570102334766903,0.22609890398818647
HH2152,0.0,5.463423133394341,-0.8396192521958875,0.4013576603515636,0.22646219890924205,0.22819196526755806,0.22722245190769322,0.2296714727936208,0.2299362516208135
HH2154,0.0,4.769090429719977,1.4606160979738316,0.995495942520105,0.2721328136744047,0.21636136199633568,0.2123312857834343,0.22021169085227849,0.2128589371093641
HH2160,0.0,4.9694172110753625,1.5153525347871084,0.613126843665159,0.3463829288984443,0.21271237711893945,0.21661718392899532,0.22649885481356483,0.21765400696051695
HH2168,0.0,3.6310960429217696,-0.3459760844460639,0.9674480518234441,0.28809879911022473,0.23663005673695992,0.22561194237700372,0.2390184960935993,0.2385070008063941
HH2172,0.0,3.5692948027378515,1.655624897572876,0.1771225635794822,0.2689630290026119,0.21773660102952472,0.21102431293733406,0.24067812924279966,0.222280577878265
HH2178,0.0,5.530082931229607,0.34308203676918386,0.024259290165986824,0.15577332645224767,0.21729997062603024,0.22440180090022133,0.22256544875360584,0.22080289650572713
HH2184,0.0,4.175138615621113,1.769439460403064,0.9582605892411928,0.20886340126359093,0.21744053479649833,0.22171931657840113,0.21725799257822415,0.21677058305964045
HH2199,0.0,5.833175283727428,0.4136886443510338,0.4686375811991286,0.15842209208732458,0.21869369033567454,0.22063736273942683,0.20675909074371143,0.21109605823959424
HH2206,0.0,4.518075203039903,0.8126441890063821,0.24871344095268694,0.13282819318292824,0.2393365124348948,0.22256588281794243,0.2194447379407802,0.2276493973751189
HH2216,0.0,5.560311734943482,0.3373946990121729,0.2645432682607083,0.1908028722436549,0.22699450073806338,0.21950912822306948,0.22802623788545984,0.2261508860958144
HH2217,0.0,5.622596614391139,0.026267198216657142,0.8277162909409986,0.18749920229797595,0.22486055961478382,0.22171215789552107,0.22211217419331358,0.2217664956797003
HH2219,1.0,6.605773542422518,0.8071754318130465,5.972140775217505,0.20709098031287312,0.23601965266441716,0.2226378623801416,0.23605878530059451,0.2357592684826596
HH2224,0.0,6.186234167954577,-1.3914097052001393,0.4648260592263853,0.1170477368970077,0.23392591699307794,0.21345229778941563,0.22020807735868198,0.22061909403846613
HH2229,1.0,4.0706429059816625,0.15731487097416852,0.8205706585373866,0.2364428886353488,0.23171331336554643,0.22504802927496334,0.23379098283789274,0.23354669513812693
HH2239,0.0,4.322949129819061,0.10659487369508484,0.37824822457224894,0.2282250782045067,0.2132667030339377,0.22248455439874895,0.21361002986126046,0.21377404677398987
HH2245,0.0,5.232374289616302,-0.7509858888209316,0.7263487291802057,0.17060519619177408,0.22535604263423276,0.22880006348433887,0.22355210552960994,0.22805154429013377
HH2247,0.0,6.161884390968188,-0.7098719884551737,0.062248617377688165,0.1689288451835456,0.21800454894794508,0.23031647094973204,0.22416562160432196,0.22417346267143
HH2253,0.0,6.547766226564763,0.8782381803583165,0.04247062602629659,0.10046821150438824,0.25532799104654613,0.22811508644103776,0.2310950753532369,0.24670225735984397
HH2254,0.0,4.841113334470502,1.5095959935559495,0.6696302182604081,0.1351004007811152,0.2156129318880678,0.22006471240646536,0.22831911357506046,0.22045907197919629
HH2272,1.0,5.932409775139942,0.9873320726553338,3.8268588232936134,0.19571562267335704,0.20551560132854926,0.21261022580362768,0.21591934591327167,0.20418726598813772
HH2279,1.0,5.204418307936433,0.1467402305579841,4.655970560446566,0.4155118116484969,0.22058017022234955,0.21017838826416935,0.20881010978152018,0.20834463788448632
HH2286,1.0,3.967467640672873,2.1591715762531973,5.149745202011925,0.2506661446922881,0.19741943145888124,0.2088421077546866,0.21003416065744668,0.19877316795546973
HH2311,0.0,5.618591572646412,0.3772090617592558,0.05180284457954687,0.1714734573207591,0.21675428867806898,0.21827204170453918,0.2126474545684876,0.2115172148089902
HH2325,0.0,3.6917490255066285,1.0465034874388253,0.9781270079269349,0.40487224372468056,0.20049984410756008,0.22201122450086772,0.2124511765418256,0.20724903953931165
HH2331,0.0,4.163496069427526,-0.4122087549561356,0.5478241564653885,0.2953592481542208,0.2276765813037272,0.2282461713024101,0.24665761049059873,0.23882191279765574
HH2337,0.0,6.829893227644777,-1.5426454942046748,0.10946431926155452,0.20261692189728805,0.255557812984611,0.2336199115654543,0.24562663015910335,0.2550518289134744
HH2340,0.0,4.580433181059222,0.4685812424825511,0.5048614551074332,0.13566652701231585,0.2250942893895305,0.22448050647588708,0.21522782284416098,0.21957536074070955
HH2348,0.0,4.056913234384642,2.0707017076634737,0.6888710249059206,0.30065923967061586,0.26227935283267634,0.2654976086396344,0.24887119199059263,0.27568692457119165
HH2352,0.0,5.392322555430906,-0.6391368921157465,0.06269103738907389,0.18381240497857296,0.23525302453179328,0.23148118048928537,0.22129885888960057,0.23150784395573212
HH2356,0.0,4.543242779773085,1.049752414064302,0.5764394144464448,0.11846854418808825,0.24217392930666673,0.22383550559551224,0.21722345707300347,0.22841209704643392
HH2368,0.0,5.275136498370619,-0.05625335321641586,0.6057912321381888,0.31035312023794376,0.21924885029085037,0.23538698413926934,0.2340374000078595,0.23230168150735006
HH2386,0.0,5.2322989690424055,-0.2107313695560863,0.22150342242599866,0.11517576778911814,0.22142252524175368,0.21304732794455303,0.21984257579818073,0.2144160064304704
HH2389,0.0,2.3416128678199635,-0.3484295845982593,0.7098918806041247,0.13228568624806206,0.23094386555007196,0.2207741583615048,0.21041113190893276,0.22050747503907134
HH2394,0.0,4.903237741803532,0.20650429739950307,0.4505947261517379,0.3259693598544323,0.22508550127168822,0.20650598496305358,0.2069124788189012,0.20691130315009626
HH2395,0.0,5.403115300412656,-0.1961667216334192,0.7713801872233467,0.15720382822462384,0.22831157412955488,0.2221351845795467,0.22463415606987774,0.22614893097655583
HH2407,0.0,3.7418032932613183,2.4898025066031004,0.828084554943256,0.29328638245098465,0.23807706935395037,0.23116133898238905,0.23811017001959187,0.24035888931865992
HH2411,0.0,4.796600377398595,1.1574227000165838,0.30156280270757985,0.14317975340769276,0.2404997526646946,0.22877253665829245,0.21736481579719252,0.23027407599520597
HH2422,0.0,4.454145484903004,-0.7398907925469278,0.2761302208867665,0.14397512570136572,0.22875127753700508,0.22105133921618453,0.2277987504443179,0.22692213947641923
HH2438,0.0,4.756683547076709,2.2855819249220906,0.043754834788108384,0.2612708566721433,0.22858645741994005,0.22990112935064572,0.22793082573318602,0.2299955853348959
HH2439,0.0,4.041338165381959,0.8107706100360212,0.3464369191436505,0.1241608618953038,0.21693213293197838,0.21180874901366462,0.2050941934670284,0.20491746821089205
HH2445,0.0,4.776515049048884,0.4576162047378592,0.7121157696254138,0.2541513488247404,0.21664037695762575,0.22088764151735996,0.2203614869104852,0.21814550329691437
HH2463,0.0,5.8748767270333815,-0.6556993030197378,0.6359237202707543,0.2593324541515672,0.2052672024726898,0.21990919075536075,0.21942907421192773,0.2108793000664678
HH2466,1.0,5.12757381915952,-0.18520095675707934,4.2078053802111,0.162885981762314,0.22066382553313585,0.21673392188127963,0.2218853639178682,0.21703496065648495
HH2474,0.0,3.855726275597644,0.5099752162576205,0.6932632845964961,0.22924907999002125,0.23529622157383215,0.22565927410994102,0.23542773760789767,0.23572470263214426
HH2475,0.0,5.541940350784067,-0.0390307947256287,0.8050749485468099,0.2073707754325949,0.22771091322343326,0.22202652819635965,0.22855837704503787,0.227273831376232
HH2481,1.0,4.776769876476638,0.23420458010631054,1.0539212321989748,0.1484683850453496,0.2225695630168059,0.21561695251709792,0.21372448252980966,0.21368652265668756
HH2484,0.0,5.481256133852615,0.41217378351364703,0.9090325551833136,0.20339022977792,0.22180863288724736,0.2255697280286683,0.22263653046137635,0.2226291498326024
HH2486,1.0,4.811821554270469,1.0023897875301908,5.652026282381098,0.2605990558109127,0.21384348789325414,0.21724202648382337,0.2210668646450725,0.21560313702647463
HH2498,0.0,5.749876023949013,1.8704441674224823,0.6855260797106462,0.2382350959264424,0.22899465730247737,0.22551271899517156,0.23361041279995204,0.23300332627916193
HH2499,0.0,4.30982228145585,1.152924256035393,0.378372741500692,0.17338082618818498,0.20815369769896222,0.20355413959620025,0.21833289049399124,0.2034954129124656
HH2510,0.0,7.633002455846626,-1.6159917764414748,0.18556713724456,0.35323208287902635,0.21378447552965443,0.22203225785880815,0.1978688698969909,0.20516028841636977
HH2513,0.0,5.571719781424347,-0.01660703055437562,0.4548682171533376,0.21084776350573411,0.22552330454465444,0.22517257940326518,0.2248868360625399,0.22522280390752286
HH2514,1.0,4.423145092272786,-1.7553086429503388,3.760497474997417,0.15316821253818147,0.18936891085727095,0.194044011433063,0.21489788959403514,0.18524711736548233
HH2517,0.0,5.196719924787169,0.4705076965748771,0.2197815801586801,0.2004026319347959,0.21815398944289874,0.21658192321624722,0.22300883892426956,0.21659926444294814
HH2520,0.0,6.1232843943028925,-1.3435316678001157,0.8249665641519546,0.1959980705698358,0.21350412101208158,0.22129542641755404,0.2141927845348313,0.21299633399602988
HH2524,1.0,5.364720028319104,1.6961183909368511,0.3423375517696554,0.17686798817118551,0.21112899895531606,0.2167413460530562,0.2223128378526436,0.2133045506677351
HH2532,0.0,4.784503358108546,-1.1231694537052437,0.035092942101209945,0.19709310147119968,0.20235383659723383,0.20563487453885654,0.220900717453996,0.20105805330944052
HH2539,1.0,5.169538437721281,-0.452585598085364,3.1803867528890426,0.14428485545067934,0.22412937737327374,0.22894011406715775,0.2256055077323184,0.22848617756144432
HH2541,1.0,4.7169494824297225,1.8393182464922475,2.370999644741103,0.2137497530793748,0.20580890991874962,0.20484899737394147,0.22674530135755044,0.2059594822645303
HH2547,1.0,4.663716722072984,-0.4828892894215649,5.001233251998187,0.20669931172695413,0.22089533522212906,0.22597540385479603,0.21707880033009122,0.22058705780736043
HH2548,0.0,4.834273463416836,-0.5769748459839661,0.22267943206750984,0.2479095752369535,0.22356271592509677,0.22814841012041434,0.22085834036895965,0.2248069888116752
HH2554,0.0,4.9663506692808586,2.2168518437877207,0.4718651955386611,0.11898738990066693,0.22299911281001153,0.2095261067676597,0.21123814289223966,0.2106095829523091
HH2556,1.0,4.222644975671121,-0.36731754687367696,5.071769918672446,0.1116528752530456,0.2310769259806051,0.2186058547234255,0.2108660730157593,0.21852010639340802
HH2559,0.0,4.712748196780877,0.8209976900368079,0.9571071753052924,0.2977297912459234,0.22773975429398727,0.22808579028789808,0.22923021914542854,0.2299393683826142
HH2560,0.0,4.91366853221747,-0.04702726689290995,0.7862230597926416,0.17453260959327907,0.22520050986299464,0.22315418843320808,0.22438784861410108,0.22422308079143222
HH2563,0.0,5.937991936982073,0.4090929538784762,0.04920642190196756,0.1877401366238235,0.2398049189246588,0.22733646676639377,0.23100942702042035,0.23796421077479113
HH2576,0.0,3.983624556683087,0.8553690716105077,0.10019940125138084,0.28023454473958875,0.22382431321975893,0.22070581851997093,0.2383141002412639,0.22927242273965942
HH2578,1.0,2.3579351687002434,-0.5939425060685439,2.5835578567289383,0.2056496780456077,0.25723380052387984,0.2247031821707759,0.25220398280673306,0.2556247120134378
HH2579,0.0,4.000409975002737,0.04173670459330805,0.8290439928474344,0.10412944075321807,0.22948827213044784,0.22896355271621435,0.23585279482739288,0.23667389290229715
HH2590,0.0,4.8695334751828465,0.7045626873598237,0.9219432174838016,0.21510793521297272,0.23367271899789693,0.2325800103854601,0.2261183180241139,0.23363305454923297
HH2591,0.0,6.636410785610192,-0.02782306693444989,0.4867582870337769,0.3123876913564897,0.20438689383112324,0.23608413609846743,0.21703504243521562,0.21713082385444377
HH2593,0.0,5.4555480113563215,0.3136036398800541,0.6177879973028028,0.21174884314942047,0.2187136260156083,0.22376192518373136,0.21951780207731522,0.21859596928816918
HH2604,1.0,6.38535790349699,0.17828773979862866,4.98855398982007,0.1699606162933399,0.20928656133906692,0.218451218086138,0.20484266365471973,0.2040696122571596
HH2607,0.0,4.58726160281894,-0.4916831094696168,0.9201314594535602,0.16857529979488126,0.23299595711590962,0.22732984330690195,0.21818982742679718,0.22727795533780226
HH2609,1.0,5.9811357849546525,-2.264909482597709,0.04059822430545279,0.1904844531683282,0.21902457898800887,0.22576796108711586,0.22178441244148644,0.22181763312928654
HH2616,0.0,4.612012854562618,0.6616874145318979,0.6414161380655169,0.1348221857664633,0.22115302129445852,0.2133520609494684,0.21068672630888824,0.2105297343241433
HH2637,0.0,4.004760574192239,-0.4400727452573381,0.18771236301905805,0.11040558556636246,0.20449850898980804,0.20943106329957073,0.20858455126006856,0.19751178311609624
HH2644,0.0,3.272843029091459,-1.5912932958155412,0.16059035172823075,0.22551590720643094,0.25085684223539334,0.25206615802712723,0.223013691595542,0.25186244571002875
HH2649,0.0,5.606908861345644,-0.9822275455787044,0.7404343979102759,0.2997016861840877,0.24071023779016065,0.2517006258581192,0.23604853246474775,0.2517515402829377
HH2650,0.0,3.883121427356813,1.2187416392653891,0.3011499326134064,0.19762409097394176,0.2202769854372734,0.21025121596161483,0.23192309687368573,0.2190863942396994
HH2658,0.0,6.199396986236688,1.1524363154700352,0.3058509615838253,0.14759081111839922,0.21778134846301506,0.23511262671427602,0.22737422212916364,0.22735181335377022
HH2665,0.0,6.048322828074398,0.5816845418516869,0.3674666626974925,0.09966532962184553,0.2115332656229347,0.2085586591575061,0.19945263201265154,0.1976712587407886
HH2685,0.0,5.2083159119978895,-0.2419704268823609,0.9036086009915096,0.17315924878807296,0.22599372253830835,0.21940567300379124,0.22032512538830307,0.2204139496249908
HH2688,1.0,6.8913180575778945,-0.6435265047706842,5.762184104643472,0.3813618118161111,0.20662568859109198,0.24938588630579991,0.2270105434337374,0.2285069199745223
HH2691,0.0,4.853065675827998,0.08240129693579001,0.4703550205231468,0.30208224725627725,0.22406552314858963,0.23483645215430185,0.2351037591361598,0.23481945628615672
HH2704,0.0,3.902130094330744,-0.5654020682546468,0.8341350749699101,0.3844774771912559,0.23896857715236683,0.2496742092777921,0.26053996915993366,0.26315424432779566
HH2708,1.0,6.088315262044482,0.7729517439924619,3.1090828606173564,0.19450852390387127,0.21357488728165916,0.2114369839685472,0.2237088653556244,0.21153980095579217
HH2710,0.0,3.84540397557758,0.8481396382885233,0.4948682687347139,0.2109168866141891,0.2033813739392053,0.21659575564479938,0.20703861629602827,0.20328896996414605
HH2715,0.0,6.030970085443353,1.4129122033144816,0.3230468757274726,0.14859195753973642,0.21871774151833892,0.23513453192201375,0.2282077203505097,0.22818165753485323
HH2727,0.0,5.083877877942292,1.0996119903511952,0.25663427431869656,0.11051039549444393,0.21134329081304157,0.20489006112041985,0.21532622815806882,0.20353095170977425
HH2731,0.0,5.267746063272887,-0.8890975274238289,0.15176484620108546,0.1370132321280522,0.23089822648162606,0.22642209179123324,0.22208533378891188,0.22790082400190748
HH2750,1.0,4.891869137158869,-0.1443090122140955,4.265443079453563,0.1404804839714572,0.22755059339832198,0.21868166074035028,0.21530338207807814,0.2186627179076003
HH2753,1.0,6.17441615806309,-2.5678487761722977,4.9961074650957285,0.17223088785345034,0.1805671720677191,0.18439653678031906,0.20446414887779102,0.17529039191031653
HH2761,0.0,5.177450190191849,1.0563135686355658,0.8114698577713045,0.3206527832488227,0.22512661327148095,0.23777851872918085,0.24078254554053394,0.24044007199044898
HH2776,0.0,7.341121656314164,-0.6035289513418165,0.7598033025743377,0.18039647743682108,0.2103144375907335,0.22749242241451942,0.20970425694072325,0.21202340321408314
HH2779,0.0,4.776218540234303,-0.1889596732474808,0.5086652886649103,0.1335674246579362,0.22966984889078954,0.22069438884959605,0.21955617313599843,0.22306030388731038
HH2795,0.0,4.644527079591346,-1.9222337876229052,0.2518831546101941,0.27153935899705084,0.22657949057743806,0.21333641535353126,0.21671618624084185,0.21674871417058963
HH2803,0.0,5.315202413920491,2.0433578458308257,0.8392788812614512,0.13523324457848673,0.22336969995528594,0.22604904634840112,0.21985062399656935,0.2216138758678449
HH2811,0.0,5.188425597044554,2.0910037008928137,0.4801857281500132,0.15743925546913004,0.2481663537033826,0.24415374607743875,0.2144232292545889,0.23989980306005143
HH2814,1.0,3.5382297497898323,0.15576885550867486,3.0026467427733152,0.26866816835558754,0.23659947229388542,0.22767849247951943,0.24090475261501287,0.24119121519235895
HH2833,0.0,3.2375577744656683,-0.004257579800793142,0.9142533954038344,0.19275126729748412,0.24144234141770854,0.22335505661285326,0.23665351640093665,0.23960723455006855
HH2837,0.0,6.485733541102131,-0.5561861556212393,0.329524069598512,0.2177503139446036,0.21057234508703337,0.22626547688245474,0.20984908844482503,0.21124260005678924
HH2844,1.0,5.102590328025055,-2.3327054104188596,0.2892149818443459,0.13331215566830146,0.1878588483745586,0.18515262797392343,0.21979819145873128,0.18244414486412705
HH2850,0.0,4.53757201145128,0.4554000732783188,0.022481308157466632,0.20996559841601856,0.21378128745640151,0.2193440680823135,0.215609059702179,0.21364859589686677
HH2851,0.0,4.647945155948841,-0.5930400845246956,0.8575099631984195,0.11747128885639795,0.23593348495621244,0.223944212753251,0.21919867156948575,0.22783122359247512
HH2854,0.0,3.603221895710342,0.3532693676854879,0.2857218237266935,0.15892256695639295,0.24445182390846487,0.21988486958106596,0.23468017878022682,0.2362008071373664
HH2862,0.0,5.142588441771738,0.06600706080256202,0.5641071053333945,0.11232429478901418,0.22429203752736374,0.21226707422068336,0.21235470783861915,0.21227312674304388
HH2867,0.0,3.3219976959682715,-0.7498356792281009,0.3377307515648491,0.3206119303501437,0.2064261891308121,0.23206868054663105,0.20473336970190428,0.21015664923270166
HH2868,0.0,7.865601646335971,-1.0476604936138059,0.4221071953906158,0.17944916651732998,0.2664319206861338,0.22911540636071848,0.25921215634625827,0.26499835801054955
HH2879,1.0,5.410664789367857,1.4262953511055785,4.238940453573626,0.19876795268892,0.23657863265921156,0.24054135612450278,0.21713716465344648,0.234323688311807
HH2883,0.0,4.344518985710389,-1.3910436102658634,0.16869705880462105,0.4049215468622818,0.22829667799687703,0.1939611361562235,0.19822125533641535,0.1982457474429621
HH2887,0.0,4.315305260998407,1.5735568451847723,0.4254232953275374,0.3424247373472255,0.21855007469925658,0.240165942986719,0.23690587448819395,0.23643110767456021
HH2890,0.0,3.1891672105255755,1.465710245387828,0.7575717400703689,0.13719751231173094,0.2400657517377658,0.2117429836258079,0.2334113829324258,0.22959841130316858
HH2897,1.0,6.6264905331919435,0.11011464292830972,5.580788128514434,0.16568211253954207,0.20988664590849423,0.21991128827926723,0.20832659909752083,0.20613484390928127
HH2913,1.0,3.7055204859017374,0.009440416944209018,3.616990444674337,0.3919855975079201,0.20819591110367297,0.2361920619014299,0.22330745848132738,0.22069694997510578
HH2933,1.0,5.219386732388578,0.6119330707269144,2.445191537955598,0.37887915072528094,0.22328665527151198,0.19896696937793623,0.1973561521839312,0.19734840778399618
HH2935,0.0,5.4712587234214665,-0.22184869308443864,0.20433818214669008,0.2403315178868711,0.22186997094273261,0.21930680433872637,0.2168713329970296,0.21687425589713447
HH2936,1.0,3.878367983387891,0.004139074367867289,2.927180693886645,0.16456098116797646,0.23055788184845202,0.22550671700463965,0.23276526342483422,0.2338686844209009
HH2943,0.0,5.445039355563792,-1.9134074490074484,0.09136363878470144,0.4435992088915321,0.22858656290926954,0.25924468982666077,0.261323900665244,0.2619580424614228
HH2950,1.0,6.297092391701818,-0.42919128185059335,1.1405420010572045,0.1564610918023487,0.21214976134678956,0.2178256445859518,0.20402900332345475,0.20511597010319854
HH2951,1.0,3.3492543250299085,2.5316284808439717,2.663466149573696,0.1885015038603856,0.18893053523935116,0.18625151377852633,0.21864598978379748,0.1861266412530322
HH2956,0.0,5.457174595297929,0.5608789907154353,0.09068495840520817,0.20372596851794647,0.2145297010706778,0.21791622383881584,0.2201868217868681,0.21373639044017795
HH2958,0.0,6.438353627792884,-0.03144352137028642,0.3751131225618377,0.1307728064349117,0.21646408896213704,0.2370306369053658,0.2286826267601282,0.22867832597316973
HH2960,0.0,3.0452796079729416,1.4172942237073738,0.2042374197038579,0.33061750056587746,0.24189556925976383,0.23790845455869838,0.2625456525685679,0.2585102038970723
HH2961,1.0,4.2411434458154815,-0.11258556649657328,2.8867167684242387,0.13928813274083127,0.21882189836816282,0.21483282659146927,0.20852442332282783,0.20860834182590166
HH2983,0.0,3.126587101793933,0.7562058997951031,0.7969476427954154,0.32925547064648625,0.2327532745041086,0.2257582540928566,0.2497284055834276,0.24250230446786816
HH2987,0.0,4.110906305634867,1.9057413539378008,0.8462729774076146,0.2147361971403007,0.24370972881080305,0.25284893139350895,0.21589831705712306,0.24417464980547915
HH2992,0.0,6.435589170638679,-0.7274350426046754,0.4641802113127617,0.12490347500357725,0.2113203294598266,0.22057298574423576,0.20983412068033896,0.20918268730435302
HH2995,0.0,4.3717247664313215,0.4148118918812392,0.12582305237382174,0.1952400601320874,0.22481218464100663,0.2217133728813695,0.22757296044111175,0.22606355669724465
